contract_id,month,net_revenue,churned_amount
00526b90f38d73b0138904f8df7353c456e28ae87fbe8956da14b24d28c674eb,2020-09,216.67,0.0
00526b90f38d73b0138904f8df7353c456e28ae87fbe8956da14b24d28c674eb,2020-10,500.0,0.0
00526b90f38d73b0138904f8df7353c456e28ae87fbe8956da14b24d28c674eb,2020-11,500.0,0.0
00526b90f38d73b0138904f8df7353c456e28ae87fbe8956da14b24d28c674eb,2020-12,500.0,0.0
00526b90f38d73b0138904f8df7353c456e28ae87fbe8956da14b24d28c674eb,2021-01,500.0,0.0
00526b90f38d73b0138904f8df7353c456e28ae87fbe8956da14b24d28c674eb,2021-04,500.0,0.0
00526b90f38d73b0138904f8df7353c456e28ae87fbe8956da14b24d28c674eb,2021-05,500.0,0.0
00526b90f38d73b0138904f8df7353c456e28ae87fbe8956da14b24d28c674eb,2021-06,500.0,0.0
00526b90f38d73b0138904f8df7353c456e28ae87fbe8956da14b24d28c674eb,2021-07,-500.0,1000.0
00526b90f38d73b0138904f8df7353c456e28ae87fbe8956da14b24d28c674eb,2021-08,-500.0,0.0
00526b90f38d73b0138904f8df7353c456e28ae87fbe8956da14b24d28c674eb,2021-09,500.0,0.0
00b27e1d99597f5519a28565971b3b42af0f857b9cab3db33b284412cf95b834,2020-08,694.84,0.0
00b27e1d99597f5519a28565971b3b42af0f857b9cab3db33b284412cf95b834,2020-09,694.84,0.0
00b27e1d99597f5519a28565971b3b42af0f857b9cab3db33b284412cf95b834,2020-10,694.84,0.0
00b27e1d99597f5519a28565971b3b42af0f857b9cab3db33b284412cf95b834,2020-11,1042.26,0.0
00b27e1d99597f5519a28565971b3b42af0f857b9cab3db33b284412cf95b834,2020-12,694.84,347.42
00b27e1d99597f5519a28565971b3b42af0f857b9cab3db33b284412cf95b834,2021-03,367.9,326.94
00b27e1d99597f5519a28565971b3b42af0f857b9cab3db33b284412cf95b834,2021-04,712.81,0.0
00b27e1d99597f5519a28565971b3b42af0f857b9cab3db33b284412cf95b834,2021-06,712.81,0.0
00b27e1d99597f5519a28565971b3b42af0f857b9cab3db33b284412cf95b834,2021-07,712.81,0.0
00b27e1d99597f5519a28565971b3b42af0f857b9cab3db33b284412cf95b834,2021-08,712.81,0.0
00b27e1d99597f5519a28565971b3b42af0f857b9cab3db33b284412cf95b834,2021-09,712.81,0.0
012e88fe0c94b62dcdf13ab97fb612c0e91fd239bc1142364107297d5662ac93,2020-08,3474.0,0.0
012e88fe0c94b62dcdf13ab97fb612c0e91fd239bc1142364107297d5662ac93,2020-11,3474.0,0.0
012e88fe0c94b62dcdf13ab97fb612c0e91fd239bc1142364107297d5662ac93,2021-02,3474.0,0.0
012e88fe0c94b62dcdf13ab97fb612c0e91fd239bc1142364107297d5662ac93,2021-05,3474.0,0.0
012e88fe0c94b62dcdf13ab97fb612c0e91fd239bc1142364107297d5662ac93,2021-08,3474.0,0.0
01311dc0b277f5d84a0ec89bcd868e74a6a006b0f992283945f1f5d3147519c2,2020-08,59.86,0.0
01311dc0b277f5d84a0ec89bcd868e74a6a006b0f992283945f1f5d3147519c2,2020-09,464.0,0.0
01311dc0b277f5d84a0ec89bcd868e74a6a006b0f992283945f1f5d3147519c2,2020-10,464.0,0.0
01311dc0b277f5d84a0ec89bcd868e74a6a006b0f992283945f1f5d3147519c2,2020-11,464.0,0.0
01311dc0b277f5d84a0ec89bcd868e74a6a006b0f992283945f1f5d3147519c2,2020-12,464.0,0.0
01311dc0b277f5d84a0ec89bcd868e74a6a006b0f992283945f1f5d3147519c2,2021-01,476.0,0.0
01311dc0b277f5d84a0ec89bcd868e74a6a006b0f992283945f1f5d3147519c2,2021-02,476.0,0.0
01311dc0b277f5d84a0ec89bcd868e74a6a006b0f992283945f1f5d3147519c2,2021-03,476.0,0.0
01311dc0b277f5d84a0ec89bcd868e74a6a006b0f992283945f1f5d3147519c2,2021-04,120.19,355.81
01311dc0b277f5d84a0ec89bcd868e74a6a006b0f992283945f1f5d3147519c2,2021-05,120.19,0.0
01311dc0b277f5d84a0ec89bcd868e74a6a006b0f992283945f1f5d3147519c2,2021-06,476.0,0.0
01311dc0b277f5d84a0ec89bcd868e74a6a006b0f992283945f1f5d3147519c2,2021-07,476.0,0.0
01311dc0b277f5d84a0ec89bcd868e74a6a006b0f992283945f1f5d3147519c2,2021-08,476.0,0.0
01311dc0b277f5d84a0ec89bcd868e74a6a006b0f992283945f1f5d3147519c2,2021-09,476.0,0.0
013e952d1284c3c382c4626ab4948eb17497dda264d7db3980e0e07fd1f0111e,2020-08,617.42,0.0
013e952d1284c3c382c4626ab4948eb17497dda264d7db3980e0e07fd1f0111e,2020-09,870.0,0.0
013e952d1284c3c382c4626ab4948eb17497dda264d7db3980e0e07fd1f0111e,2020-10,870.0,0.0
013e952d1284c3c382c4626ab4948eb17497dda264d7db3980e0e07fd1f0111e,2020-11,870.0,0.0
013e952d1284c3c382c4626ab4948eb17497dda264d7db3980e0e07fd1f0111e,2020-12,870.0,0.0
013e952d1284c3c382c4626ab4948eb17497dda264d7db3980e0e07fd1f0111e,2021-01,892.5,0.0
013e952d1284c3c382c4626ab4948eb17497dda264d7db3980e0e07fd1f0111e,2021-02,-892.5,1785.0
013e952d1284c3c382c4626ab4948eb17497dda264d7db3980e0e07fd1f0111e,2021-03,-892.5,0.0
0157cca56a1fdf8f41460bb89f744d7178b076395b6954ac727b15e7fd1498e7,2020-08,230.84,0.0
0157cca56a1fdf8f41460bb89f744d7178b076395b6954ac727b15e7fd1498e7,2020-09,230.84,0.0
0157cca56a1fdf8f41460bb89f744d7178b076395b6954ac727b15e7fd1498e7,2020-10,230.84,0.0
0157cca56a1fdf8f41460bb89f744d7178b076395b6954ac727b15e7fd1498e7,2020-11,230.84,0.0
0157cca56a1fdf8f41460bb89f744d7178b076395b6954ac727b15e7fd1498e7,2021-06,236.81,0.0
0157cca56a1fdf8f41460bb89f744d7178b076395b6954ac727b15e7fd1498e7,2021-07,236.81,0.0
0157cca56a1fdf8f41460bb89f744d7178b076395b6954ac727b15e7fd1498e7,2021-08,236.81,0.0
0157cca56a1fdf8f41460bb89f744d7178b076395b6954ac727b15e7fd1498e7,2021-09,236.81,0.0
0160c3867435f19692f55cf50a252bf7898f9fa34d8b770403b6dbec373d8538,2020-08,406.0,0.0
0160c3867435f19692f55cf50a252bf7898f9fa34d8b770403b6dbec373d8538,2020-09,406.0,0.0
0160c3867435f19692f55cf50a252bf7898f9fa34d8b770403b6dbec373d8538,2020-10,406.0,0.0
0160c3867435f19692f55cf50a252bf7898f9fa34d8b770403b6dbec373d8538,2020-11,406.0,0.0
0160c3867435f19692f55cf50a252bf7898f9fa34d8b770403b6dbec373d8538,2020-12,170.26,235.74
0160c3867435f19692f55cf50a252bf7898f9fa34d8b770403b6dbec373d8538,2021-06,2306.22,0.0
01b969c41106c934d98d212bc32eb019a675f4611fd0df76a49e9f9c90043d4b,2020-08,783.0,0.0
01b969c41106c934d98d212bc32eb019a675f4611fd0df76a49e9f9c90043d4b,2021-01,445.27,337.73
01b969c41106c934d98d212bc32eb019a675f4611fd0df76a49e9f9c90043d4b,2021-02,550.54,0.0
01cede3cff9b0b55425a70d651997ddf8114d0e05fc215ff82d24e7f2786c4d0,2020-11,579.04,0.0
01cede3cff9b0b55425a70d651997ddf8114d0e05fc215ff82d24e7f2786c4d0,2020-12,694.84,0.0
01cede3cff9b0b55425a70d651997ddf8114d0e05fc215ff82d24e7f2786c4d0,2021-01,712.81,0.0
01cede3cff9b0b55425a70d651997ddf8114d0e05fc215ff82d24e7f2786c4d0,2021-02,712.81,0.0
01cede3cff9b0b55425a70d651997ddf8114d0e05fc215ff82d24e7f2786c4d0,2021-03,712.81,0.0
01cede3cff9b0b55425a70d651997ddf8114d0e05fc215ff82d24e7f2786c4d0,2021-04,712.81,0.0
01cede3cff9b0b55425a70d651997ddf8114d0e05fc215ff82d24e7f2786c4d0,2021-05,712.81,0.0
01cede3cff9b0b55425a70d651997ddf8114d0e05fc215ff82d24e7f2786c4d0,2021-06,712.81,0.0
01cede3cff9b0b55425a70d651997ddf8114d0e05fc215ff82d24e7f2786c4d0,2021-07,712.81,0.0
01cede3cff9b0b55425a70d651997ddf8114d0e05fc215ff82d24e7f2786c4d0,2021-08,712.81,0.0
01cede3cff9b0b55425a70d651997ddf8114d0e05fc215ff82d24e7f2786c4d0,2021-09,712.81,0.0
01d4e557729fc1d922f0f0b1f173ef7203b7200a6b8aa7cfe68141a0a03a5c52,2020-08,346.84,0.0
01d4e557729fc1d922f0f0b1f173ef7203b7200a6b8aa7cfe68141a0a03a5c52,2020-09,346.84,0.0
01d4e557729fc1d922f0f0b1f173ef7203b7200a6b8aa7cfe68141a0a03a5c52,2020-10,346.84,0.0
01d4e557729fc1d922f0f0b1f173ef7203b7200a6b8aa7cfe68141a0a03a5c52,2020-11,346.84,0.0
01d4e557729fc1d922f0f0b1f173ef7203b7200a6b8aa7cfe68141a0a03a5c52,2020-12,346.84,0.0
01d4e557729fc1d922f0f0b1f173ef7203b7200a6b8aa7cfe68141a0a03a5c52,2021-01,355.81,0.0
01d4e557729fc1d922f0f0b1f173ef7203b7200a6b8aa7cfe68141a0a03a5c52,2021-02,355.81,0.0
01d4e557729fc1d922f0f0b1f173ef7203b7200a6b8aa7cfe68141a0a03a5c52,2021-03,355.81,0.0
01d4e557729fc1d922f0f0b1f173ef7203b7200a6b8aa7cfe68141a0a03a5c52,2021-04,355.81,0.0
01d4e557729fc1d922f0f0b1f173ef7203b7200a6b8aa7cfe68141a0a03a5c52,2021-05,355.81,0.0
01d4e557729fc1d922f0f0b1f173ef7203b7200a6b8aa7cfe68141a0a03a5c52,2021-06,355.81,0.0
01d4e557729fc1d922f0f0b1f173ef7203b7200a6b8aa7cfe68141a0a03a5c52,2021-07,355.81,0.0
01f70cf6190001d873d269c6872a1e03ceb7c64e55f019b9cb3621a7eeddd46f,2020-08,-578.84,578.84
01f70cf6190001d873d269c6872a1e03ceb7c64e55f019b9cb3621a7eeddd46f,2020-09,-578.84,0.0
01f70cf6190001d873d269c6872a1e03ceb7c64e55f019b9cb3621a7eeddd46f,2020-10,-578.84,0.0
01f70cf6190001d873d269c6872a1e03ceb7c64e55f019b9cb3621a7eeddd46f,2020-11,-578.84,0.0
01f70cf6190001d873d269c6872a1e03ceb7c64e55f019b9cb3621a7eeddd46f,2020-12,-578.84,0.0
0208f772c88fa61fd9a154098e6860563fdd5d5b9cb4d717b3fd24f5528ec01b,2020-08,520.84,0.0
0208f772c88fa61fd9a154098e6860563fdd5d5b9cb4d717b3fd24f5528ec01b,2020-09,520.84,0.0
0208f772c88fa61fd9a154098e6860563fdd5d5b9cb4d717b3fd24f5528ec01b,2020-10,520.84,0.0
0208f772c88fa61fd9a154098e6860563fdd5d5b9cb4d717b3fd24f5528ec01b,2020-11,520.84,0.0
0208f772c88fa61fd9a154098e6860563fdd5d5b9cb4d717b3fd24f5528ec01b,2020-12,520.84,0.0
0208f772c88fa61fd9a154098e6860563fdd5d5b9cb4d717b3fd24f5528ec01b,2021-01,534.31,0.0
0208f772c88fa61fd9a154098e6860563fdd5d5b9cb4d717b3fd24f5528ec01b,2021-02,534.31,0.0
0208f772c88fa61fd9a154098e6860563fdd5d5b9cb4d717b3fd24f5528ec01b,2021-03,534.31,0.0
0208f772c88fa61fd9a154098e6860563fdd5d5b9cb4d717b3fd24f5528ec01b,2021-04,534.31,0.0
0208f772c88fa61fd9a154098e6860563fdd5d5b9cb4d717b3fd24f5528ec01b,2021-05,534.31,0.0
0208f772c88fa61fd9a154098e6860563fdd5d5b9cb4d717b3fd24f5528ec01b,2021-06,534.31,0.0
0208f772c88fa61fd9a154098e6860563fdd5d5b9cb4d717b3fd24f5528ec01b,2021-07,534.31,0.0
0208f772c88fa61fd9a154098e6860563fdd5d5b9cb4d717b3fd24f5528ec01b,2021-08,534.31,0.0
0208f772c88fa61fd9a154098e6860563fdd5d5b9cb4d717b3fd24f5528ec01b,2021-09,534.31,0.0
020f588e0059a3e1378379dec7113a459dc7ee1b9bbd6e50f6ec6562894508cf,2021-07,298.26,0.0
020f588e0059a3e1378379dec7113a459dc7ee1b9bbd6e50f6ec6562894508cf,2021-08,308.21,0.0
020f588e0059a3e1378379dec7113a459dc7ee1b9bbd6e50f6ec6562894508cf,2021-09,308.21,0.0
021869529aa5dd14e778dba791308d5def40005b1595c98952aec85af8512183,2020-08,404.84,0.0
021869529aa5dd14e778dba791308d5def40005b1595c98952aec85af8512183,2020-09,404.84,0.0
021869529aa5dd14e778dba791308d5def40005b1595c98952aec85af8512183,2020-10,404.84,0.0
021869529aa5dd14e778dba791308d5def40005b1595c98952aec85af8512183,2020-11,404.84,0.0
021869529aa5dd14e778dba791308d5def40005b1595c98952aec85af8512183,2020-12,404.84,0.0
027b2bd7b7e279f08dd537e8079b20fd3ed8902f2ff196a44e22d00c49710e5e,2021-08,8139.6,0.0
027b2bd7b7e279f08dd537e8079b20fd3ed8902f2ff196a44e22d00c49710e5e,2021-09,107.1,8032.5
02f8c3de666d55f5ecf81318ff3323bb8f89da49d4f3b3f2e45706b5cdd2a20a,2020-08,694.84,0.0
02f8c3de666d55f5ecf81318ff3323bb8f89da49d4f3b3f2e45706b5cdd2a20a,2020-09,694.84,0.0
033bc7cfed24bc855e1f2475c31f18b28b34a9bcd775665f27987aeb76e05cda,2020-12,709.02,0.0
0384164cd66cf11fb9828821ebf0c5df082c42e52ef690ec9734371a13ac0fbe,2021-09,624.75,0.0
03d3c4c2f520e4b3992671d9edcd99d4929875e1dd998e4776e973401268c7c1,2021-08,711.62,0.0
03d3c4c2f520e4b3992671d9edcd99d4929875e1dd998e4776e973401268c7c1,2021-09,711.62,0.0
0425b6cc45a4494b8c517fa403d9f5def871af2a6aecca363983179f39d07027,2021-06,2316.93,0.0
0425b6cc45a4494b8c517fa403d9f5def871af2a6aecca363983179f39d07027,2021-07,3209.43,0.0
0425b6cc45a4494b8c517fa403d9f5def871af2a6aecca363983179f39d07027,2021-08,3209.43,0.0
0425b6cc45a4494b8c517fa403d9f5def871af2a6aecca363983179f39d07027,2021-09,3090.43,119.0
0451ce95ab983d7ff3f004540c0ebb1bce71b435311fe67188decbf8237fc038,2020-10,251.9,0.0
0451ce95ab983d7ff3f004540c0ebb1bce71b435311fe67188decbf8237fc038,2020-11,867.68,0.0
0451ce95ab983d7ff3f004540c0ebb1bce71b435311fe67188decbf8237fc038,2020-12,867.68,0.0
0451ce95ab983d7ff3f004540c0ebb1bce71b435311fe67188decbf8237fc038,2021-01,890.12,0.0
0451ce95ab983d7ff3f004540c0ebb1bce71b435311fe67188decbf8237fc038,2021-02,653.31,236.81
0451ce95ab983d7ff3f004540c0ebb1bce71b435311fe67188decbf8237fc038,2021-03,653.31,0.0
0451ce95ab983d7ff3f004540c0ebb1bce71b435311fe67188decbf8237fc038,2021-04,890.12,0.0
0451ce95ab983d7ff3f004540c0ebb1bce71b435311fe67188decbf8237fc038,2021-05,890.12,0.0
0451ce95ab983d7ff3f004540c0ebb1bce71b435311fe67188decbf8237fc038,2021-06,826.97,63.15
0451ce95ab983d7ff3f004540c0ebb1bce71b435311fe67188decbf8237fc038,2021-07,653.31,173.66
0451ce95ab983d7ff3f004540c0ebb1bce71b435311fe67188decbf8237fc038,2021-08,653.31,0.0
0451ce95ab983d7ff3f004540c0ebb1bce71b435311fe67188decbf8237fc038,2021-09,653.31,0.0
045a46c96dc19f0dc3135fc0266ac7cadfca1540f26f664d954811ce79157172,2020-08,290.0,0.0
045a46c96dc19f0dc3135fc0266ac7cadfca1540f26f664d954811ce79157172,2020-09,290.0,0.0
045a46c96dc19f0dc3135fc0266ac7cadfca1540f26f664d954811ce79157172,2020-10,290.0,0.0
045a46c96dc19f0dc3135fc0266ac7cadfca1540f26f664d954811ce79157172,2020-11,-290.0,580.0
045a46c96dc19f0dc3135fc0266ac7cadfca1540f26f664d954811ce79157172,2020-12,290.0,0.0
045a46c96dc19f0dc3135fc0266ac7cadfca1540f26f664d954811ce79157172,2021-01,-297.5,587.5
045a46c96dc19f0dc3135fc0266ac7cadfca1540f26f664d954811ce79157172,2021-02,297.5,0.0
045a46c96dc19f0dc3135fc0266ac7cadfca1540f26f664d954811ce79157172,2021-03,-297.5,595.0
045a46c96dc19f0dc3135fc0266ac7cadfca1540f26f664d954811ce79157172,2021-07,297.5,0.0
045a46c96dc19f0dc3135fc0266ac7cadfca1540f26f664d954811ce79157172,2021-08,297.5,0.0
045a46c96dc19f0dc3135fc0266ac7cadfca1540f26f664d954811ce79157172,2021-09,59.5,238.0
0463d32fd5c2de41cf8a136de4918b98268fb005224502d4ebd5546b2c93b7f1,2020-08,172.84,0.0
0463d32fd5c2de41cf8a136de4918b98268fb005224502d4ebd5546b2c93b7f1,2020-09,172.84,0.0
0463d32fd5c2de41cf8a136de4918b98268fb005224502d4ebd5546b2c93b7f1,2020-10,172.84,0.0
047a72db7fdd3101ab67db413265bde5ba59595c73728e6ae0074a9d2502faa3,2020-08,288.84,0.0
047a72db7fdd3101ab67db413265bde5ba59595c73728e6ae0074a9d2502faa3,2020-09,288.84,0.0
047a72db7fdd3101ab67db413265bde5ba59595c73728e6ae0074a9d2502faa3,2020-10,288.84,0.0
047a72db7fdd3101ab67db413265bde5ba59595c73728e6ae0074a9d2502faa3,2020-11,288.84,0.0
047a72db7fdd3101ab67db413265bde5ba59595c73728e6ae0074a9d2502faa3,2020-12,288.84,0.0
047a72db7fdd3101ab67db413265bde5ba59595c73728e6ae0074a9d2502faa3,2021-01,296.31,0.0
047a72db7fdd3101ab67db413265bde5ba59595c73728e6ae0074a9d2502faa3,2021-02,296.31,0.0
047a72db7fdd3101ab67db413265bde5ba59595c73728e6ae0074a9d2502faa3,2021-03,296.31,0.0
047a72db7fdd3101ab67db413265bde5ba59595c73728e6ae0074a9d2502faa3,2021-04,296.31,0.0
047a72db7fdd3101ab67db413265bde5ba59595c73728e6ae0074a9d2502faa3,2021-05,296.31,0.0
047a72db7fdd3101ab67db413265bde5ba59595c73728e6ae0074a9d2502faa3,2021-06,296.31,0.0
047a72db7fdd3101ab67db413265bde5ba59595c73728e6ae0074a9d2502faa3,2021-07,296.31,0.0
047a72db7fdd3101ab67db413265bde5ba59595c73728e6ae0074a9d2502faa3,2021-08,296.31,0.0
047a72db7fdd3101ab67db413265bde5ba59595c73728e6ae0074a9d2502faa3,2021-09,296.31,0.0
04a9ee860f62358afacd6013785d1f3488fe8eeac2492a7aec39f6c972cdfb41,2020-10,693.68,0.0
04a9ee860f62358afacd6013785d1f3488fe8eeac2492a7aec39f6c972cdfb41,2020-11,0.02,693.66
04a9ee860f62358afacd6013785d1f3488fe8eeac2492a7aec39f6c972cdfb41,2020-12,693.68,0.0
04a9ee860f62358afacd6013785d1f3488fe8eeac2492a7aec39f6c972cdfb41,2021-01,711.62,0.0
04a9ee860f62358afacd6013785d1f3488fe8eeac2492a7aec39f6c972cdfb41,2021-02,711.62,0.0
04a9ee860f62358afacd6013785d1f3488fe8eeac2492a7aec39f6c972cdfb41,2021-03,711.62,0.0
04a9ee860f62358afacd6013785d1f3488fe8eeac2492a7aec39f6c972cdfb41,2021-04,711.62,0.0
04a9ee860f62358afacd6013785d1f3488fe8eeac2492a7aec39f6c972cdfb41,2021-05,711.62,0.0
04a9ee860f62358afacd6013785d1f3488fe8eeac2492a7aec39f6c972cdfb41,2021-06,711.62,0.0
04a9ee860f62358afacd6013785d1f3488fe8eeac2492a7aec39f6c972cdfb41,2021-07,711.62,0.0
04a9ee860f62358afacd6013785d1f3488fe8eeac2492a7aec39f6c972cdfb41,2021-08,711.62,0.0
04a9ee860f62358afacd6013785d1f3488fe8eeac2492a7aec39f6c972cdfb41,2021-09,711.62,0.0
04b24266b06b531b29c10f9b52d8bbbcb0328c7be482849906374a6db2977baa,2021-08,1606.5,0.0
04b24266b06b531b29c10f9b52d8bbbcb0328c7be482849906374a6db2977baa,2021-09,107.1,1499.4
04c8cd74f9784149e5ad2fb661d8b967471653c600f16b6f066a31cea7692fcb,2020-08,1051.64,0.0
050adb1b8df34c7983a197e3ab574c3728e8175caa405624effa25a5c2bc03d8,2020-09,249.52,0.0
050adb1b8df34c7983a197e3ab574c3728e8175caa405624effa25a5c2bc03d8,2020-10,277.24,0.0
050adb1b8df34c7983a197e3ab574c3728e8175caa405624effa25a5c2bc03d8,2020-11,277.24,0.0
050adb1b8df34c7983a197e3ab574c3728e8175caa405624effa25a5c2bc03d8,2020-12,277.24,0.0
050adb1b8df34c7983a197e3ab574c3728e8175caa405624effa25a5c2bc03d8,2021-01,284.41,0.0
050adb1b8df34c7983a197e3ab574c3728e8175caa405624effa25a5c2bc03d8,2021-02,284.41,0.0
050adb1b8df34c7983a197e3ab574c3728e8175caa405624effa25a5c2bc03d8,2021-03,284.41,0.0
050adb1b8df34c7983a197e3ab574c3728e8175caa405624effa25a5c2bc03d8,2021-04,284.41,0.0
050adb1b8df34c7983a197e3ab574c3728e8175caa405624effa25a5c2bc03d8,2021-05,284.41,0.0
050adb1b8df34c7983a197e3ab574c3728e8175caa405624effa25a5c2bc03d8,2021-06,442.29,0.0
050adb1b8df34c7983a197e3ab574c3728e8175caa405624effa25a5c2bc03d8,2021-07,521.22,0.0
050adb1b8df34c7983a197e3ab574c3728e8175caa405624effa25a5c2bc03d8,2021-08,521.22,0.0
050adb1b8df34c7983a197e3ab574c3728e8175caa405624effa25a5c2bc03d8,2021-09,521.22,0.0
05382303b2485fd6b0914b46c38f3f8f835c3f3901ca690725ee7533af42501a,2020-08,299.0,0.0
05382303b2485fd6b0914b46c38f3f8f835c3f3901ca690725ee7533af42501a,2020-09,299.0,0.0
05382303b2485fd6b0914b46c38f3f8f835c3f3901ca690725ee7533af42501a,2020-10,299.0,0.0
05382303b2485fd6b0914b46c38f3f8f835c3f3901ca690725ee7533af42501a,2020-11,299.0,0.0
05382303b2485fd6b0914b46c38f3f8f835c3f3901ca690725ee7533af42501a,2020-12,299.0,0.0
05382303b2485fd6b0914b46c38f3f8f835c3f3901ca690725ee7533af42501a,2021-01,299.0,0.0
053f909be99458d21f3c7a036c4c4739e96ba4e4d117dcac02e4e16dbeb2114a,2020-08,377.0,0.0
053f909be99458d21f3c7a036c4c4739e96ba4e4d117dcac02e4e16dbeb2114a,2020-09,377.0,0.0
053f909be99458d21f3c7a036c4c4739e96ba4e4d117dcac02e4e16dbeb2114a,2020-10,377.0,0.0
053f909be99458d21f3c7a036c4c4739e96ba4e4d117dcac02e4e16dbeb2114a,2020-11,377.0,0.0
053f909be99458d21f3c7a036c4c4739e96ba4e4d117dcac02e4e16dbeb2114a,2020-12,377.0,0.0
05511a53e6284c07c0e4786ac961937076ef9e90a7c0c7daf28649c9f2e0430a,2020-08,288.84,0.0
05511a53e6284c07c0e4786ac961937076ef9e90a7c0c7daf28649c9f2e0430a,2020-09,288.84,0.0
05511a53e6284c07c0e4786ac961937076ef9e90a7c0c7daf28649c9f2e0430a,2020-10,288.84,0.0
05511a53e6284c07c0e4786ac961937076ef9e90a7c0c7daf28649c9f2e0430a,2020-11,288.84,0.0
05511a53e6284c07c0e4786ac961937076ef9e90a7c0c7daf28649c9f2e0430a,2020-12,288.84,0.0
05511a53e6284c07c0e4786ac961937076ef9e90a7c0c7daf28649c9f2e0430a,2021-01,152.94,135.9
055fbf55b18646876f1c72dd40c7cc5ab4713a16df96f0733788094ac3487817,2020-11,199.87,0.0
055fbf55b18646876f1c72dd40c7cc5ab4713a16df96f0733788094ac3487817,2020-12,1499.0,0.0
055fbf55b18646876f1c72dd40c7cc5ab4713a16df96f0733788094ac3487817,2021-01,1499.0,0.0
055fbf55b18646876f1c72dd40c7cc5ab4713a16df96f0733788094ac3487817,2021-02,1499.0,0.0
055fbf55b18646876f1c72dd40c7cc5ab4713a16df96f0733788094ac3487817,2021-03,1499.0,0.0
055fbf55b18646876f1c72dd40c7cc5ab4713a16df96f0733788094ac3487817,2021-04,1099.26,399.74
056bc2dab8230b5ac54de5e7835cf556a151ed8cf8ea92dde9094cda62cc59b1,2020-11,374.16,0.0
056bc2dab8230b5ac54de5e7835cf556a151ed8cf8ea92dde9094cda62cc59b1,2020-12,449.0,0.0
056bc2dab8230b5ac54de5e7835cf556a151ed8cf8ea92dde9094cda62cc59b1,2021-01,449.0,0.0
056bc2dab8230b5ac54de5e7835cf556a151ed8cf8ea92dde9094cda62cc59b1,2021-02,449.0,0.0
056bc2dab8230b5ac54de5e7835cf556a151ed8cf8ea92dde9094cda62cc59b1,2021-03,449.0,0.0
056bc2dab8230b5ac54de5e7835cf556a151ed8cf8ea92dde9094cda62cc59b1,2021-04,449.0,0.0
056bc2dab8230b5ac54de5e7835cf556a151ed8cf8ea92dde9094cda62cc59b1,2021-05,72.42,376.58
057bc199360cb54d186453430037502204d01915223d2856ff471f2f16558506,2021-05,0.0,0.0
057bc199360cb54d186453430037502204d01915223d2856ff471f2f16558506,2021-06,-124.66,124.66
057bc199360cb54d186453430037502204d01915223d2856ff471f2f16558506,2021-07,534.31,0.0
057bc199360cb54d186453430037502204d01915223d2856ff471f2f16558506,2021-08,534.31,0.0
057bc199360cb54d186453430037502204d01915223d2856ff471f2f16558506,2021-09,534.31,0.0
058589642330d5008261b7ef18179e9edf7632bd869f20836fa03aafd13e1867,2021-05,0.0,0.0
058589642330d5008261b7ef18179e9edf7632bd869f20836fa03aafd13e1867,2021-06,237.88,0.0
058589642330d5008261b7ef18179e9edf7632bd869f20836fa03aafd13e1867,2021-07,772.31,0.0
058589642330d5008261b7ef18179e9edf7632bd869f20836fa03aafd13e1867,2021-08,772.31,0.0
058589642330d5008261b7ef18179e9edf7632bd869f20836fa03aafd13e1867,2021-09,772.31,0.0
059ef3e0ba2b7f3ed0f963b898e521382f6db192060b6b37b417b10eaa7696af,2020-08,578.84,0.0
059ef3e0ba2b7f3ed0f963b898e521382f6db192060b6b37b417b10eaa7696af,2020-09,578.84,0.0
059ef3e0ba2b7f3ed0f963b898e521382f6db192060b6b37b417b10eaa7696af,2020-10,578.84,0.0
059ef3e0ba2b7f3ed0f963b898e521382f6db192060b6b37b417b10eaa7696af,2020-11,578.84,0.0
059ef3e0ba2b7f3ed0f963b898e521382f6db192060b6b37b417b10eaa7696af,2020-12,578.84,0.0
059ef3e0ba2b7f3ed0f963b898e521382f6db192060b6b37b417b10eaa7696af,2021-01,593.81,0.0
059ef3e0ba2b7f3ed0f963b898e521382f6db192060b6b37b417b10eaa7696af,2021-03,593.81,0.0
059ef3e0ba2b7f3ed0f963b898e521382f6db192060b6b37b417b10eaa7696af,2021-04,593.81,0.0
059ef3e0ba2b7f3ed0f963b898e521382f6db192060b6b37b417b10eaa7696af,2021-05,593.81,0.0
059ef3e0ba2b7f3ed0f963b898e521382f6db192060b6b37b417b10eaa7696af,2021-08,14159.81,0.0
060c0d24a45a36cc3ce20c0f32514bf2e019919515c3da8fc16dfb3284371173,2020-08,649.6,0.0
060c0d24a45a36cc3ce20c0f32514bf2e019919515c3da8fc16dfb3284371173,2020-09,649.6,0.0
060c0d24a45a36cc3ce20c0f32514bf2e019919515c3da8fc16dfb3284371173,2020-10,649.6,0.0
060c0d24a45a36cc3ce20c0f32514bf2e019919515c3da8fc16dfb3284371173,2020-11,649.6,0.0
060c0d24a45a36cc3ce20c0f32514bf2e019919515c3da8fc16dfb3284371173,2020-12,649.6,0.0
060c980385995de12aa0a19544b18880062279469c58e56370e672f30d452e6d,2020-08,306.24,0.0
060c980385995de12aa0a19544b18880062279469c58e56370e672f30d452e6d,2020-11,309.59,0.0
060c980385995de12aa0a19544b18880062279469c58e56370e672f30d452e6d,2021-02,-314.16,623.75
060c980385995de12aa0a19544b18880062279469c58e56370e672f30d452e6d,2021-06,235.62,0.0
060c980385995de12aa0a19544b18880062279469c58e56370e672f30d452e6d,2021-08,314.16,0.0
0631b917b77d42d26c9553c136c9ffbbbf1546b3dbfe62591b9784773445f9f1,2020-10,208.95,0.0
0631b917b77d42d26c9553c136c9ffbbbf1546b3dbfe62591b9784773445f9f1,2020-11,404.84,0.0
0631b917b77d42d26c9553c136c9ffbbbf1546b3dbfe62591b9784773445f9f1,2020-12,404.84,0.0
0631b917b77d42d26c9553c136c9ffbbbf1546b3dbfe62591b9784773445f9f1,2021-01,415.31,0.0
0631b917b77d42d26c9553c136c9ffbbbf1546b3dbfe62591b9784773445f9f1,2021-02,415.31,0.0
0631b917b77d42d26c9553c136c9ffbbbf1546b3dbfe62591b9784773445f9f1,2021-03,415.31,0.0
0631b917b77d42d26c9553c136c9ffbbbf1546b3dbfe62591b9784773445f9f1,2021-04,415.32,0.0
0631b917b77d42d26c9553c136c9ffbbbf1546b3dbfe62591b9784773445f9f1,2021-05,415.31,0.01
0631b917b77d42d26c9553c136c9ffbbbf1546b3dbfe62591b9784773445f9f1,2021-06,415.31,0.0
0631b917b77d42d26c9553c136c9ffbbbf1546b3dbfe62591b9784773445f9f1,2021-07,415.31,0.0
0631b917b77d42d26c9553c136c9ffbbbf1546b3dbfe62591b9784773445f9f1,2021-08,415.31,0.0
0631b917b77d42d26c9553c136c9ffbbbf1546b3dbfe62591b9784773445f9f1,2021-09,415.31,0.0
063afa4fa05640f71bc203655ff84bc81146cd03da566b32e1e32d866e5e6db7,2020-11,0.0,0.0
063afa4fa05640f71bc203655ff84bc81146cd03da566b32e1e32d866e5e6db7,2020-12,174.19,0.0
063afa4fa05640f71bc203655ff84bc81146cd03da566b32e1e32d866e5e6db7,2021-01,450.0,0.0
063afa4fa05640f71bc203655ff84bc81146cd03da566b32e1e32d866e5e6db7,2021-02,450.0,0.0
063afa4fa05640f71bc203655ff84bc81146cd03da566b32e1e32d866e5e6db7,2021-03,450.0,0.0
063afa4fa05640f71bc203655ff84bc81146cd03da566b32e1e32d866e5e6db7,2021-04,450.0,0.0
063afa4fa05640f71bc203655ff84bc81146cd03da566b32e1e32d866e5e6db7,2021-05,450.0,0.0
063afa4fa05640f71bc203655ff84bc81146cd03da566b32e1e32d866e5e6db7,2021-06,450.0,0.0
063afa4fa05640f71bc203655ff84bc81146cd03da566b32e1e32d866e5e6db7,2021-07,450.0,0.0
063afa4fa05640f71bc203655ff84bc81146cd03da566b32e1e32d866e5e6db7,2021-08,450.0,0.0
063afa4fa05640f71bc203655ff84bc81146cd03da566b32e1e32d866e5e6db7,2021-09,450.0,0.0
06ea9a5a1d49892414c8f51914fd20174b613f4932757577b27f0d87235a0c3a,2021-07,0.0,0.0
06ea9a5a1d49892414c8f51914fd20174b613f4932757577b27f0d87235a0c3a,2021-08,440.57,0.0
06ea9a5a1d49892414c8f51914fd20174b613f4932757577b27f0d87235a0c3a,2021-09,593.81,0.0
0740a894ce491999d0807ce315468035baf42f76d7f5daefbc4df987982e0506,2020-08,174.0,0.0
0740a894ce491999d0807ce315468035baf42f76d7f5daefbc4df987982e0506,2020-09,174.0,0.0
0740a894ce491999d0807ce315468035baf42f76d7f5daefbc4df987982e0506,2020-10,174.0,0.0
0740a894ce491999d0807ce315468035baf42f76d7f5daefbc4df987982e0506,2020-11,174.0,0.0
0740a894ce491999d0807ce315468035baf42f76d7f5daefbc4df987982e0506,2020-12,174.0,0.0
0740a894ce491999d0807ce315468035baf42f76d7f5daefbc4df987982e0506,2021-01,178.5,0.0
0740a894ce491999d0807ce315468035baf42f76d7f5daefbc4df987982e0506,2021-02,178.5,0.0
0740a894ce491999d0807ce315468035baf42f76d7f5daefbc4df987982e0506,2021-03,178.5,0.0
0740a894ce491999d0807ce315468035baf42f76d7f5daefbc4df987982e0506,2021-04,178.5,0.0
0740a894ce491999d0807ce315468035baf42f76d7f5daefbc4df987982e0506,2021-05,178.5,0.0
0740a894ce491999d0807ce315468035baf42f76d7f5daefbc4df987982e0506,2021-06,178.5,0.0
0740a894ce491999d0807ce315468035baf42f76d7f5daefbc4df987982e0506,2021-07,178.5,0.0
0740a894ce491999d0807ce315468035baf42f76d7f5daefbc4df987982e0506,2021-08,178.5,0.0
0740a894ce491999d0807ce315468035baf42f76d7f5daefbc4df987982e0506,2021-09,178.5,0.0
07963ddebac9417cd1fa40af4a006f45a56216945d8e51b8a66a00a3eb315fa1,2020-08,288.84,0.0
07963ddebac9417cd1fa40af4a006f45a56216945d8e51b8a66a00a3eb315fa1,2020-09,288.84,0.0
07963ddebac9417cd1fa40af4a006f45a56216945d8e51b8a66a00a3eb315fa1,2020-10,288.84,0.0
07963ddebac9417cd1fa40af4a006f45a56216945d8e51b8a66a00a3eb315fa1,2020-11,288.84,0.0
07963ddebac9417cd1fa40af4a006f45a56216945d8e51b8a66a00a3eb315fa1,2020-12,288.84,0.0
07963ddebac9417cd1fa40af4a006f45a56216945d8e51b8a66a00a3eb315fa1,2021-01,296.31,0.0
07963ddebac9417cd1fa40af4a006f45a56216945d8e51b8a66a00a3eb315fa1,2021-02,296.31,0.0
07963ddebac9417cd1fa40af4a006f45a56216945d8e51b8a66a00a3eb315fa1,2021-04,296.31,0.0
07963ddebac9417cd1fa40af4a006f45a56216945d8e51b8a66a00a3eb315fa1,2021-05,296.31,0.0
07963ddebac9417cd1fa40af4a006f45a56216945d8e51b8a66a00a3eb315fa1,2021-06,296.31,0.0
07963ddebac9417cd1fa40af4a006f45a56216945d8e51b8a66a00a3eb315fa1,2021-07,296.31,0.0
07963ddebac9417cd1fa40af4a006f45a56216945d8e51b8a66a00a3eb315fa1,2021-08,296.31,0.0
07963ddebac9417cd1fa40af4a006f45a56216945d8e51b8a66a00a3eb315fa1,2021-09,296.31,0.0
07b8962817737cf2af3ca35e17a4baae76d110743a89f985d0889f14c15f4667,2020-12,0.0,0.0
07b8962817737cf2af3ca35e17a4baae76d110743a89f985d0889f14c15f4667,2021-01,291.96,0.0
07b8962817737cf2af3ca35e17a4baae76d110743a89f985d0889f14c15f4667,2021-06,415.31,0.0
07b8962817737cf2af3ca35e17a4baae76d110743a89f985d0889f14c15f4667,2021-07,-107.1,522.41
07b8962817737cf2af3ca35e17a4baae76d110743a89f985d0889f14c15f4667,2021-08,415.31,0.0
07b8962817737cf2af3ca35e17a4baae76d110743a89f985d0889f14c15f4667,2021-09,522.41,0.0
07f7a5c7da43b355aa186badd47c5fb1853c40ca396b0ea62a533a74739f66f7,2020-11,2675.45,0.0
07f7a5c7da43b355aa186badd47c5fb1853c40ca396b0ea62a533a74739f66f7,2021-08,1140.09,1535.36
07f7a5c7da43b355aa186badd47c5fb1853c40ca396b0ea62a533a74739f66f7,2021-09,1071.0,69.09
084023326fcbca814472ef364abf9d393a5dbffa5c2ce776fe889dd7eec1c951,2020-08,139.2,0.0
084023326fcbca814472ef364abf9d393a5dbffa5c2ce776fe889dd7eec1c951,2020-09,139.2,0.0
084023326fcbca814472ef364abf9d393a5dbffa5c2ce776fe889dd7eec1c951,2020-10,139.2,0.0
084c1d2b18180bb3e600228c40e2654259f6198e2e45f370d255ab8b9a2a4620,2020-08,199.0,0.0
084c1d2b18180bb3e600228c40e2654259f6198e2e45f370d255ab8b9a2a4620,2020-09,199.0,0.0
084c1d2b18180bb3e600228c40e2654259f6198e2e45f370d255ab8b9a2a4620,2020-10,199.0,0.0
084c1d2b18180bb3e600228c40e2654259f6198e2e45f370d255ab8b9a2a4620,2020-11,199.0,0.0
084c1d2b18180bb3e600228c40e2654259f6198e2e45f370d255ab8b9a2a4620,2020-12,199.0,0.0
084c1d2b18180bb3e600228c40e2654259f6198e2e45f370d255ab8b9a2a4620,2021-01,57.77,141.23
086c69983455286fddcd7ac6cc3a257c446eabb01496f9083290c238bb48d3d6,2020-08,694.84,0.0
086c69983455286fddcd7ac6cc3a257c446eabb01496f9083290c238bb48d3d6,2020-09,694.84,0.0
086c69983455286fddcd7ac6cc3a257c446eabb01496f9083290c238bb48d3d6,2020-10,694.84,0.0
086c69983455286fddcd7ac6cc3a257c446eabb01496f9083290c238bb48d3d6,2020-11,-324.25,1019.09
089e8a67705dbe14fb3acce1ee9c6a0c46f4006b0ffc1d30b8f8a29300265617,2021-04,0.0,0.0
089e8a67705dbe14fb3acce1ee9c6a0c46f4006b0ffc1d30b8f8a29300265617,2021-05,522.83,0.0
089e8a67705dbe14fb3acce1ee9c6a0c46f4006b0ffc1d30b8f8a29300265617,2021-06,415.31,107.52
089e8a67705dbe14fb3acce1ee9c6a0c46f4006b0ffc1d30b8f8a29300265617,2021-07,355.81,59.5
089e8a67705dbe14fb3acce1ee9c6a0c46f4006b0ffc1d30b8f8a29300265617,2021-08,534.31,0.0
089e8a67705dbe14fb3acce1ee9c6a0c46f4006b0ffc1d30b8f8a29300265617,2021-09,534.31,0.0
08ca5796af365ed726244d7061c0abb9437427ff3aa658feaa09fc05205ed058,2020-10,0.01,0.0
08ca5796af365ed726244d7061c0abb9437427ff3aa658feaa09fc05205ed058,2020-11,-226.4,226.41
08ca5796af365ed726244d7061c0abb9437427ff3aa658feaa09fc05205ed058,2020-12,226.4,0.0
08ca5796af365ed726244d7061c0abb9437427ff3aa658feaa09fc05205ed058,2021-01,849.0,0.0
08ca5796af365ed726244d7061c0abb9437427ff3aa658feaa09fc05205ed058,2021-05,-849.0,1698.0
08ca5796af365ed726244d7061c0abb9437427ff3aa658feaa09fc05205ed058,2021-08,849.0,0.0
08ca5796af365ed726244d7061c0abb9437427ff3aa658feaa09fc05205ed058,2021-09,849.0,0.0
08f1718123ce4ac7d58d3560a5549aaccb3d8de251e82865a62b4e2aac4c181d,2020-08,982.52,0.0
08f1718123ce4ac7d58d3560a5549aaccb3d8de251e82865a62b4e2aac4c181d,2020-09,982.52,0.0
08f1718123ce4ac7d58d3560a5549aaccb3d8de251e82865a62b4e2aac4c181d,2020-10,982.52,0.0
08f1718123ce4ac7d58d3560a5549aaccb3d8de251e82865a62b4e2aac4c181d,2020-11,917.02,65.5
08f65a0c7e87d9fb699b747dcaf02be5aa41d8346f46c8a051d5129467c4f83e,2020-08,230.84,0.0
08f65a0c7e87d9fb699b747dcaf02be5aa41d8346f46c8a051d5129467c4f83e,2020-09,230.84,0.0
08f65a0c7e87d9fb699b747dcaf02be5aa41d8346f46c8a051d5129467c4f83e,2020-10,230.84,0.0
08f65a0c7e87d9fb699b747dcaf02be5aa41d8346f46c8a051d5129467c4f83e,2020-11,230.84,0.0
09b163affd7f2cb6683c9c9f3dcb52cec967c7a794b912e481c4c828fa3f1fc2,2020-10,18.63,0.0
09b163affd7f2cb6683c9c9f3dcb52cec967c7a794b912e481c4c828fa3f1fc2,2020-11,288.84,0.0
09b163affd7f2cb6683c9c9f3dcb52cec967c7a794b912e481c4c828fa3f1fc2,2020-12,288.84,0.0
09b163affd7f2cb6683c9c9f3dcb52cec967c7a794b912e481c4c828fa3f1fc2,2021-01,296.31,0.0
09b163affd7f2cb6683c9c9f3dcb52cec967c7a794b912e481c4c828fa3f1fc2,2021-05,296.31,0.0
09b163affd7f2cb6683c9c9f3dcb52cec967c7a794b912e481c4c828fa3f1fc2,2021-06,296.31,0.0
09b163affd7f2cb6683c9c9f3dcb52cec967c7a794b912e481c4c828fa3f1fc2,2021-07,296.31,0.0
09b163affd7f2cb6683c9c9f3dcb52cec967c7a794b912e481c4c828fa3f1fc2,2021-08,296.31,0.0
09b163affd7f2cb6683c9c9f3dcb52cec967c7a794b912e481c4c828fa3f1fc2,2021-09,296.31,0.0
09c60d72f954fe0b37e57d518afd1134066785bb62296267bc26be9160938d15,2020-09,80.97,0.0
09c60d72f954fe0b37e57d518afd1134066785bb62296267bc26be9160938d15,2020-10,404.84,0.0
09c60d72f954fe0b37e57d518afd1134066785bb62296267bc26be9160938d15,2020-11,404.84,0.0
09c60d72f954fe0b37e57d518afd1134066785bb62296267bc26be9160938d15,2020-12,230.84,174.0
09c60d72f954fe0b37e57d518afd1134066785bb62296267bc26be9160938d15,2021-01,410.81,0.0
09c60d72f954fe0b37e57d518afd1134066785bb62296267bc26be9160938d15,2021-02,178.5,232.31
09c60d72f954fe0b37e57d518afd1134066785bb62296267bc26be9160938d15,2021-04,236.81,0.0
09c60d72f954fe0b37e57d518afd1134066785bb62296267bc26be9160938d15,2021-05,183.33,53.48
09caaade1eaab48436507497a7ed9b2322990063fdc5762e47ef0b9d1f502aed,2020-11,0.0,0.0
09caaade1eaab48436507497a7ed9b2322990063fdc5762e47ef0b9d1f502aed,2020-12,213.29,0.0
09caaade1eaab48436507497a7ed9b2322990063fdc5762e47ef0b9d1f502aed,2021-01,357.0,0.0
09caaade1eaab48436507497a7ed9b2322990063fdc5762e47ef0b9d1f502aed,2021-02,357.0,0.0
09caaade1eaab48436507497a7ed9b2322990063fdc5762e47ef0b9d1f502aed,2021-03,357.0,0.0
09caaade1eaab48436507497a7ed9b2322990063fdc5762e47ef0b9d1f502aed,2021-04,357.0,0.0
09caaade1eaab48436507497a7ed9b2322990063fdc5762e47ef0b9d1f502aed,2021-05,357.0,0.0
09caaade1eaab48436507497a7ed9b2322990063fdc5762e47ef0b9d1f502aed,2021-06,357.0,0.0
09caaade1eaab48436507497a7ed9b2322990063fdc5762e47ef0b9d1f502aed,2021-07,357.0,0.0
09caaade1eaab48436507497a7ed9b2322990063fdc5762e47ef0b9d1f502aed,2021-08,357.0,0.0
09caaade1eaab48436507497a7ed9b2322990063fdc5762e47ef0b9d1f502aed,2021-09,357.0,0.0
09e3cb3ab910d0e749f8b78da0b6d92d16cc5f62e1065929dfadaa70ac3a323c,2020-12,313.27,0.0
09e3cb3ab910d0e749f8b78da0b6d92d16cc5f62e1065929dfadaa70ac3a323c,2021-01,355.81,0.0
09e3cb3ab910d0e749f8b78da0b6d92d16cc5f62e1065929dfadaa70ac3a323c,2021-02,355.81,0.0
09e3cb3ab910d0e749f8b78da0b6d92d16cc5f62e1065929dfadaa70ac3a323c,2021-03,355.81,0.0
09e3cb3ab910d0e749f8b78da0b6d92d16cc5f62e1065929dfadaa70ac3a323c,2021-04,355.81,0.0
09e3cb3ab910d0e749f8b78da0b6d92d16cc5f62e1065929dfadaa70ac3a323c,2021-05,355.81,0.0
09e3cb3ab910d0e749f8b78da0b6d92d16cc5f62e1065929dfadaa70ac3a323c,2021-06,355.81,0.0
09e3cb3ab910d0e749f8b78da0b6d92d16cc5f62e1065929dfadaa70ac3a323c,2021-07,355.81,0.0
09e3cb3ab910d0e749f8b78da0b6d92d16cc5f62e1065929dfadaa70ac3a323c,2021-08,355.81,0.0
09e3cb3ab910d0e749f8b78da0b6d92d16cc5f62e1065929dfadaa70ac3a323c,2021-09,355.81,0.0
09f6e999f9debb2c099d6537723c7c8274f5428e3f9f07a18cbee4de143bfaa8,2020-08,484.88,0.0
09f6e999f9debb2c099d6537723c7c8274f5428e3f9f07a18cbee4de143bfaa8,2020-09,484.88,0.0
09f6e999f9debb2c099d6537723c7c8274f5428e3f9f07a18cbee4de143bfaa8,2020-10,484.88,0.0
09f6e999f9debb2c099d6537723c7c8274f5428e3f9f07a18cbee4de143bfaa8,2020-11,484.88,0.0
09f6e999f9debb2c099d6537723c7c8274f5428e3f9f07a18cbee4de143bfaa8,2020-12,281.55,203.33
09ff93ef4f21cb8c144cd64b1f5580045b007062b77e82ea337b25f15759414c,2020-08,578.84,0.0
09ff93ef4f21cb8c144cd64b1f5580045b007062b77e82ea337b25f15759414c,2020-09,578.84,0.0
09ff93ef4f21cb8c144cd64b1f5580045b007062b77e82ea337b25f15759414c,2020-10,578.84,0.0
09ff93ef4f21cb8c144cd64b1f5580045b007062b77e82ea337b25f15759414c,2020-11,578.84,0.0
09ff93ef4f21cb8c144cd64b1f5580045b007062b77e82ea337b25f15759414c,2020-12,614.39,0.0
09ff93ef4f21cb8c144cd64b1f5580045b007062b77e82ea337b25f15759414c,2021-01,547.94,66.45
09ff93ef4f21cb8c144cd64b1f5580045b007062b77e82ea337b25f15759414c,2021-03,0.01,547.93
09ff93ef4f21cb8c144cd64b1f5580045b007062b77e82ea337b25f15759414c,2021-04,471.68,0.0
09ff93ef4f21cb8c144cd64b1f5580045b007062b77e82ea337b25f15759414c,2021-05,931.16,0.0
09ff93ef4f21cb8c144cd64b1f5580045b007062b77e82ea337b25f15759414c,2021-06,593.81,337.35
09ff93ef4f21cb8c144cd64b1f5580045b007062b77e82ea337b25f15759414c,2021-07,593.81,0.0
09ff93ef4f21cb8c144cd64b1f5580045b007062b77e82ea337b25f15759414c,2021-08,711.62,0.0
09ff93ef4f21cb8c144cd64b1f5580045b007062b77e82ea337b25f15759414c,2021-09,593.81,117.81
0aaa689f75fa63905f71074dc778ad1258c7e741d45d97ede7804106864337d6,2020-10,692.52,0.0
0aaa689f75fa63905f71074dc778ad1258c7e741d45d97ede7804106864337d6,2020-11,230.84,461.68
0aaa689f75fa63905f71074dc778ad1258c7e741d45d97ede7804106864337d6,2020-12,230.84,0.0
0aaa689f75fa63905f71074dc778ad1258c7e741d45d97ede7804106864337d6,2021-01,236.81,0.0
0aaa689f75fa63905f71074dc778ad1258c7e741d45d97ede7804106864337d6,2021-02,236.81,0.0
0aaa689f75fa63905f71074dc778ad1258c7e741d45d97ede7804106864337d6,2021-03,236.81,0.0
0aaa689f75fa63905f71074dc778ad1258c7e741d45d97ede7804106864337d6,2021-04,236.81,0.0
0aaa689f75fa63905f71074dc778ad1258c7e741d45d97ede7804106864337d6,2021-05,236.81,0.0
0aac2dd61f1c9e71ac7fb7c82fe1080508809e61278549b6936307293c5940f0,2020-08,346.84,0.0
0aac2dd61f1c9e71ac7fb7c82fe1080508809e61278549b6936307293c5940f0,2020-09,346.84,0.0
0aac2dd61f1c9e71ac7fb7c82fe1080508809e61278549b6936307293c5940f0,2020-10,346.84,0.0
0aac2dd61f1c9e71ac7fb7c82fe1080508809e61278549b6936307293c5940f0,2020-11,346.84,0.0
0aac2dd61f1c9e71ac7fb7c82fe1080508809e61278549b6936307293c5940f0,2020-12,346.84,0.0
0aac2dd61f1c9e71ac7fb7c82fe1080508809e61278549b6936307293c5940f0,2021-01,355.81,0.0
0aac2dd61f1c9e71ac7fb7c82fe1080508809e61278549b6936307293c5940f0,2021-02,279.57,76.24
0adf5d18295f0b36f1d35d4d12a0c57f854b7eb6b6c60cdd47fa5d48ef8012d8,2020-09,-692.52,692.52
0adf5d18295f0b36f1d35d4d12a0c57f854b7eb6b6c60cdd47fa5d48ef8012d8,2020-12,-704.26,11.74
0adf5d18295f0b36f1d35d4d12a0c57f854b7eb6b6c60cdd47fa5d48ef8012d8,2021-04,1023.4,0.0
0af503a6ad939a715f74c281b6812381f673b1f339e2a144084d3c8ab0ef5380,2020-10,447.9,0.0
0af503a6ad939a715f74c281b6812381f673b1f339e2a144084d3c8ab0ef5380,2020-11,230.84,217.06
0af503a6ad939a715f74c281b6812381f673b1f339e2a144084d3c8ab0ef5380,2020-12,462.84,0.0
0af503a6ad939a715f74c281b6812381f673b1f339e2a144084d3c8ab0ef5380,2021-01,-1424.43,1887.27
0b3951ad0b09487177c1c624d8d94f7a8a26169a1fd79c7aa947d85670a1eb80,2021-09,-7198.73,7198.73
0bbc7ed2c6635082f3714b6b22541928616758d37b7547446642adcfffa23f91,2020-08,498.0,0.0
0bbc7ed2c6635082f3714b6b22541928616758d37b7547446642adcfffa23f91,2020-09,498.0,0.0
0bbc7ed2c6635082f3714b6b22541928616758d37b7547446642adcfffa23f91,2020-10,498.0,0.0
0bbc7ed2c6635082f3714b6b22541928616758d37b7547446642adcfffa23f91,2020-11,498.0,0.0
0bbc7ed2c6635082f3714b6b22541928616758d37b7547446642adcfffa23f91,2020-12,498.0,0.0
0bbc7ed2c6635082f3714b6b22541928616758d37b7547446642adcfffa23f91,2021-01,498.0,0.0
0bbc7ed2c6635082f3714b6b22541928616758d37b7547446642adcfffa23f91,2021-06,-498.0,996.0
0bbc7ed2c6635082f3714b6b22541928616758d37b7547446642adcfffa23f91,2021-07,498.0,0.0
0bbc7ed2c6635082f3714b6b22541928616758d37b7547446642adcfffa23f91,2021-08,498.0,0.0
0bbc7ed2c6635082f3714b6b22541928616758d37b7547446642adcfffa23f91,2021-09,498.0,0.0
0bbf549ca44672cf7f301e8f90cc7e6e73976c16cd0e8846e8e30b987636ed45,2020-08,232.0,0.0
0bbf549ca44672cf7f301e8f90cc7e6e73976c16cd0e8846e8e30b987636ed45,2020-09,232.0,0.0
0bbf549ca44672cf7f301e8f90cc7e6e73976c16cd0e8846e8e30b987636ed45,2020-10,232.0,0.0
0bbf549ca44672cf7f301e8f90cc7e6e73976c16cd0e8846e8e30b987636ed45,2020-11,232.0,0.0
0bbf549ca44672cf7f301e8f90cc7e6e73976c16cd0e8846e8e30b987636ed45,2020-12,232.0,0.0
0bef9642d9594840f56730612f715011408270b88b20ac5d010b014c8328239c,2021-04,0.0,0.0
0bef9642d9594840f56730612f715011408270b88b20ac5d010b014c8328239c,2021-05,442.48,0.0
0bef9642d9594840f56730612f715011408270b88b20ac5d010b014c8328239c,2021-06,534.31,0.0
0bef9642d9594840f56730612f715011408270b88b20ac5d010b014c8328239c,2021-07,534.31,0.0
0bef9642d9594840f56730612f715011408270b88b20ac5d010b014c8328239c,2021-08,355.81,178.5
0bef9642d9594840f56730612f715011408270b88b20ac5d010b014c8328239c,2021-09,355.81,0.0
0c1a6047eac9a1784fa30a4bde198bcc517dd38d79bb89fd62a5bcfb326a5b31,2020-10,105.0,0.0
0c2ed1034b171c5f5a0212321923234eacf93fb22941c6fe6854b648dfd583d3,2021-01,1273.21,0.0
0c2ed1034b171c5f5a0212321923234eacf93fb22941c6fe6854b648dfd583d3,2021-02,178.5,1094.71
0c2ed1034b171c5f5a0212321923234eacf93fb22941c6fe6854b648dfd583d3,2021-03,1307.81,0.0
0c2ed1034b171c5f5a0212321923234eacf93fb22941c6fe6854b648dfd583d3,2021-04,1425.62,0.0
0c2ed1034b171c5f5a0212321923234eacf93fb22941c6fe6854b648dfd583d3,2021-05,1425.62,0.0
0c2ed1034b171c5f5a0212321923234eacf93fb22941c6fe6854b648dfd583d3,2021-06,1425.62,0.0
0c2ed1034b171c5f5a0212321923234eacf93fb22941c6fe6854b648dfd583d3,2021-07,1425.62,0.0
0c2ed1034b171c5f5a0212321923234eacf93fb22941c6fe6854b648dfd583d3,2021-08,1425.62,0.0
0c2ed1034b171c5f5a0212321923234eacf93fb22941c6fe6854b648dfd583d3,2021-09,1425.62,0.0
